{
  "access": {
    "embargo": {
      "active": false,
      "reason": null
    },
    "files": "public",
    "record": "public",
    "status": "open"
  },
  "created": "2026-02-09T04:21:14.412825+00:00",
  "custom_fields": {
    "code:codeRepository": "https://github.com/calisweetleaf/SOTA-Runtime-Core"
  },
  "deletion_status": {
    "is_deleted": false,
    "status": "P"
  },
  "files": {
    "count": 1,
    "enabled": true,
    "entries": {
      "calisweetleaf/SOTA-Runtime-Core-v1.5.2.zip": {
        "access": {
          "hidden": false
        },
        "checksum": "md5:ee19d6c9bf2b3d3d09f4d7a1444577b2",
        "ext": "zip",
        "id": "bd281f8f-a518-4f6a-a294-91b81a712e0c",
        "key": "calisweetleaf/SOTA-Runtime-Core-v1.5.2.zip",
        "links": {
          "content": "https://zenodo.org/api/records/18530654/files/calisweetleaf/SOTA-Runtime-Core-v1.5.2.zip/content",
          "self": "https://zenodo.org/api/records/18530654/files/calisweetleaf/SOTA-Runtime-Core-v1.5.2.zip"
        },
        "metadata": null,
        "mimetype": "application/zip",
        "size": 757364,
        "storage_class": "L"
      }
    },
    "order": [],
    "total_bytes": 757364
  },
  "id": "18530654",
  "is_draft": false,
  "is_published": true,
  "links": {
    "access": "https://zenodo.org/api/records/18530654/access",
    "access_grants": "https://zenodo.org/api/records/18530654/access/grants",
    "access_links": "https://zenodo.org/api/records/18530654/access/links",
    "access_request": "https://zenodo.org/api/records/18530654/access/request",
    "access_users": "https://zenodo.org/api/records/18530654/access/users",
    "archive": "https://zenodo.org/api/records/18530654/files-archive",
    "archive_media": "https://zenodo.org/api/records/18530654/media-files-archive",
    "communities": "https://zenodo.org/api/records/18530654/communities",
    "communities-suggestions": "https://zenodo.org/api/records/18530654/communities-suggestions",
    "doi": "https://doi.org/10.5281/zenodo.18530654",
    "draft": "https://zenodo.org/api/records/18530654/draft",
    "file_modification": "https://zenodo.org/api/records/18530654/file-modification",
    "files": "https://zenodo.org/api/records/18530654/files",
    "latest": "https://zenodo.org/api/records/18530654/versions/latest",
    "latest_html": "https://zenodo.org/records/18530654/latest",
    "media_files": "https://zenodo.org/api/records/18530654/media-files",
    "parent": "https://zenodo.org/api/records/18530653",
    "parent_doi": "https://doi.org/10.5281/zenodo.18530653",
    "parent_doi_html": "https://zenodo.org/doi/10.5281/zenodo.18530653",
    "parent_html": "https://zenodo.org/records/18530653",
    "preview_html": "https://zenodo.org/records/18530654?preview=1",
    "request_deletion": "https://zenodo.org/api/records/18530654/request-deletion",
    "requests": "https://zenodo.org/api/records/18530654/requests",
    "reserve_doi": "https://zenodo.org/api/records/18530654/draft/pids/doi",
    "self": "https://zenodo.org/api/records/18530654",
    "self_doi": "https://doi.org/10.5281/zenodo.18530654",
    "self_doi_html": "https://zenodo.org/doi/10.5281/zenodo.18530654",
    "self_html": "https://zenodo.org/records/18530654",
    "self_iiif_manifest": "https://zenodo.org/api/iiif/record:18530654/manifest",
    "self_iiif_sequence": "https://zenodo.org/api/iiif/record:18530654/sequence/default",
    "versions": "https://zenodo.org/api/records/18530654/versions"
  },
  "media_files": {
    "count": 0,
    "enabled": false,
    "entries": {},
    "order": [],
    "total_bytes": 0
  },
  "metadata": {
    "creators": [
      {
        "person_or_org": {
          "family_name": "Rowell",
          "given_name": "Christian Trey Levi",
          "name": "Rowell, Christian Trey Levi",
          "type": "personal"
        }
      }
    ],
    "description": "<p>This is&nbsp;the second installment in my open-source toolkit series: a free-to-use, local Python implementation of two runtime systems typically locked behind commercial APIs. Neural prompt routing with dynamic reasoning depth, and a cross-chat memory extraction/injection system. Clone, drop into your project, run. No sign-ups, no API keys required.</p>",
    "publication_date": "2026-02-09",
    "publisher": "Zenodo",
    "related_identifiers": [
      {
        "identifier": "https://github.com/calisweetleaf/SOTA-Runtime-Core/tree/v1.5.2",
        "relation_type": {
          "id": "issupplementto",
          "title": {
            "de": "Erg\u00e4nzt",
            "en": "Is supplement to"
          }
        },
        "resource_type": {
          "id": "software",
          "title": {
            "de": "Software",
            "en": "Software"
          }
        },
        "scheme": "url"
      }
    ],
    "resource_type": {
      "id": "software",
      "title": {
        "de": "Software",
        "en": "Software"
      }
    },
    "rights": [
      {
        "link": "https://github.com/calisweetleaf/somnus-license",
        "title": {
          "en": "Sovereign Anti-Exploitation Software License"
        }
      }
    ],
    "title": "SOTA Runtime Core",
    "version": "v1.5.2"
  },
  "parent": {
    "access": {
      "grants": [],
      "links": [],
      "owned_by": {
        "user": "1457830"
      },
      "settings": {
        "accept_conditions_text": null,
        "allow_guest_requests": false,
        "allow_user_requests": false,
        "secret_link_expiration": 0
      }
    },
    "communities": {},
    "id": "18530653",
    "pids": {
      "doi": {
        "client": "datacite",
        "identifier": "10.5281/zenodo.18530653",
        "provider": "datacite"
      }
    }
  },
  "pids": {
    "doi": {
      "client": "datacite",
      "identifier": "10.5281/zenodo.18530654",
      "provider": "datacite"
    },
    "oai": {
      "identifier": "oai:zenodo.org:18530654",
      "provider": "oai"
    }
  },
  "revision_id": 4,
  "stats": {
    "all_versions": {
      "data_volume": 0.0,
      "downloads": 0,
      "unique_downloads": 0,
      "unique_views": 0,
      "views": 0
    },
    "this_version": {
      "data_volume": 0.0,
      "downloads": 0,
      "unique_downloads": 0,
      "unique_views": 0,
      "views": 0
    }
  },
  "status": "published",
  "swh": {},
  "updated": "2026-02-09T04:24:42.909003+00:00",
  "versions": {
    "index": 1,
    "is_latest": true,
    "is_latest_draft": true
  }
}