{
  "generated_utc": "2026-02-09T03:53:08.250773Z",
  "suite": "memory_injection_smoke",
  "artifacts": {
    "json": "output\\memory_injection_smoke.json",
    "markdown": "output\\memory_injection_smoke.md"
  },
  "summary": {
    "extracted_count": 0,
    "seeded_count": 3,
    "developer_memory_block": true,
    "messages_injected_count": 2
  },
  "operation_log": [
    {
      "timestamp": "2026-02-09T03:53:08.225260Z",
      "step": "set_seed",
      "status": "ok",
      "details": {
        "seed": 42
      },
      "duration_ms": 1472.25
    },
    {
      "timestamp": "2026-02-09T03:53:08.225260Z",
      "step": "init_memory_manager",
      "status": "ok",
      "details": {
        "storage_backend": "in_memory"
      },
      "duration_ms": 0.074
    },
    {
      "timestamp": "2026-02-09T03:53:08.225260Z",
      "step": "build_conversation_context",
      "status": "ok",
      "details": {
        "message_count": 3
      },
      "duration_ms": 0.029
    },
    {
      "timestamp": "2026-02-09T03:53:08.225260Z",
      "step": "extract_memories",
      "status": "ok",
      "details": {
        "extracted_count": 0
      },
      "duration_ms": 0.105
    },
    {
      "timestamp": "2026-02-09T03:53:08.227810Z",
      "step": "seed_memories",
      "status": "ok",
      "details": {
        "seeded_count": 3
      },
      "duration_ms": 1.861
    },
    {
      "timestamp": "2026-02-09T03:53:08.238724Z",
      "step": "inject_memory_block",
      "status": "ok",
      "details": {
        "messages_returned": 2,
        "developer_memory_block": true
      },
      "duration_ms": 11.151
    },
    {
      "timestamp": "2026-02-09T03:53:08.238724Z",
      "step": "summarize_memory",
      "status": "ok",
      "details": {
        "total_memories": 3
      },
      "duration_ms": 0.072
    },
    {
      "timestamp": "2026-02-09T03:53:08.238724Z",
      "step": "run_complete",
      "status": "ok",
      "details": {
        "total_runtime_ms": 1485.621
      }
    }
  ]
}